id,filename,folder,trackId,title,artist,releaseStatus,decision,selectedForPlayback
1rxBwwts7B2R8tWpnunV1HZhdZfPUePM_,Fetch Quest - Waverider_Mastered.mp3,Fetch Quest,WrjCeMjexWc,Waverider,Fetch Quest,official,Matched existing recording,true
17fmDyedU5LGkiYeYWXyQHtN6S2uSBJo7,FQ - Hotwire.mp3,Fetch Quest,0jZfu7AWHM0,Hotwire,Fetch Quest,official,Matched existing recording,true
1RcaPdDgxc-ClBYeQAn0bWHCVTv_hNS6s,Oldschool_Mastered_MP3.mp3,Peacepipe04,0jZfu7AWHM0,Hotwire,Fetch Quest,official,Matched existing recording,false
10R598uT3w4Iz9hNRdLg9GeTHEYPcKrOB,Fetch Quest - Concentrated Madness_Mastered.mp3,Fetch Quest,3yLBYcHJ2VY,Concentrated Madness,Fetch Quest,official,Matched existing recording,true
11e98gEtdgoEHNVWgihVrB3CR7Ur7hIJF,Guesswork_Mastered.mp3,Fetch Quest,IDB6aJWg4lg,Guesswork,Fetch Quest,official,Matched existing recording,true
1IMs9FXrFzrL2ZCcvLcjmgfXRKvwZViOy,Fetch Quest - Vernyi_Mastered.mp3,Fetch Quest,dG6aKvJk3sM,Vernyi,Fetch Quest,official,Matched existing recording,true
1WzZFax8dq3MkmSioaY1j_vOKAlOlaxJX,Fetch Quest - SpeedRun_Mastered.mp3,Fetch Quest,d7FTtwyaIcI,Speedrun,Fetch Quest,official,Matched existing recording,true
1luP0dlNDMDc9dDYEp6QVDZg7ocMdxe7e,Zoology_mastered.mp3,Fetch Quest,FPeV7PODP1s,Zoology,Fetch Quest,official,Matched existing recording,true
13zcnVLAT8_zfe7RYHU-JUWt8EsZ7irXX,Fetch Quest - Flesh.mp3,Fetch Quest,ATNTVVZCWkU,Flesh,Fetch Quest,official,Matched existing recording,true
1skYZRhaWLjCML-dSQlirnMBs0TBRZl04,Zircon Experimental4.mp3,Raiko,X5Rpm8JVQBg,Zircon,Fetch Quest,official,Matched existing recording,false
1MOcYwUQw-WJujIqmB7woE51xqtvKc8oh,Zircon (Final).mp3,Fetch Quest,X5Rpm8JVQBg,Zircon,Fetch Quest,official,Matched existing recording,true
17w9D3EZyBoccoez7Qv4OL9laTYNu0Lhx,Framework (Original Mix).mp3,Epic Cheesy Toast,ZCJ1nJ3Q79E,Framework,Fetch Quest,official,Matched existing recording,true
1cpz3FTZkRqJycxs7AnvxOc6ackZqUMfk,Fetch Quest - Dog's Dogma.mp3,Fetch Quest,3wdB6cA1KX4,Dog’s Dogma,Fetch Quest,official,Matched existing recording,true
1SuGyvk7Qm_oKYxHhPyZ4S49fRfLCfSF4,Pseudoscience_Mastered.mp3,Fetch Quest,BstitX2x7vM,Pseudoscience,Fetch Quest,official,Matched existing recording,true
1fqzUS4AEY8ukTSiCC6uhrmZmJTYEddD9,Fetch Quest - Omnipotence_Mastered.mp3,Fetch Quest,KRCBjxM92Uk,Omnipotence,Fetch Quest,official,Matched existing recording,true
1Gs-1MtGGYxzo2EVjnS2-Snt7gB0dYjko,Fetch Quest - Omnipotent ili Massacre ili Mutation ili Chyo-Nibud' Tvoyo.mp3,Fetch Quest,KRCBjxM92Uk,Omnipotence,Fetch Quest,official,Matched existing recording,false
1ECdYg9Nkm8F_cR6G-q-q5sQJ2Dc9-5XA,Fetch Quest - Angry Teenagers.mp3,Fetch Quest,f0JpJon_YqM,Angry Teenagers,Fetch Quest,official,Matched existing recording,true
1LV0MeSyB4RKbEIPOe3XY6vIov0NyW0QP,Fetch Quest - Kinship.mp3,Fetch Quest,JpVo3seANv0,Kinship,Fetch Quest,official,Matched existing recording,true
1n8oH5mWffB2W6VkkAujS3cPSEiErPslL,Fetch Quest - Disco Mbobulate.mp3,Fetch Quest,XP1oxENYnQ4,Disco Mbobulate,Fetch Quest,official,Matched existing recording,true
1cTCGkUdW5mMeoeDSkXMVPJ8Dw7SbRtQ0,Rebirth_mastered.mp3,Fetch Quest,XP1oxENYnQ4,Disco Mbobulate,Fetch Quest,official,Matched existing recording,false
1R4CaMAEBwYmGL0XZpH8_A0eDe6-XhOkw,Trap_INS_mp3.mp3,Fetch Quest,s4lCTG9Pzq4,Trapwire,Fetch Quest,official,Matched existing recording,false
1BbKcctxJKvDMP4UdmMTeh9rEhl7gw240,Fetch Quest - Ascendant Decade_Mastered.mp3,Fetch Quest,Remok-ADVHM,Ascendant Decade,Fetch Quest,official,Matched existing recording,true
1BkWdPxkScQ0pEaIH7JlgNRS3_8WK-pS9,Fetch Quest - Glazed Curd_Mastered.mp3,Fetch Quest,V0oW0gPL5vo,Glazed Curd,Fetch Quest,official,Matched existing recording,true
17z6KRmOQrbcfmkhWgUf3oB2jnM2_5r3K,Bones.mp3,Fetch Quest,6UAUJfoGDfI,Bones,Fetch Quest,official,Matched existing recording,true
1TyzUHLWybby4NPNgcZBQTxFaD_EcXwMv,peacepipe04 - generic indie pop song.mp3,Peacepipe04,oasfLfWYgTo,generic indie pop song,peacepipe04,unofficial,Matched existing recording,true
1gMfudIIuyRE65N0sL85iQuBXIaWDrYEW,the trashbird.mp3,Peacepipe04,Z6MmnzhYt7I,the trashbird,peacepipe04,unofficial,Matched existing recording,true
1lwZiPgcz-1PF-RVO4AzwHLEhjfJL3WUc,Instrumental_Cupcakke - Duck Duck Goose peacepipe04 disco remix.mp3,Peacepipe04,ZODS3DRGkhc,Cupcakke - Duck Duck Goose but it’s disco INSTRUMENTAL,peacepipe04,unofficial,Matched existing recording,true
11KmavVwV2B3bz45uOEUph4G-I_9sFcLU,Cupcakke - Duck Duck Goose peacepipe04 disco remix.mp3,Peacepipe04,4DikQvqlHYI,Cupcakke - Duck Duck Goose but it’s disco,peacepipe04,unofficial,Matched existing recording,true
18WlrYhLvsZqqFJcSAichEuj0AVXO5VjT,Animals remix.mp3,Peacepipe04,h8mS3jgxp58,Martin Garrix - Animals (peacepipe04 cheap cumbia remix),peacepipe04,unofficial,Matched existing recording,true
1NMzkImRHV1mO67gOR9Q729tgtNZ2B_Sk,Audionerds - Payload (Original mix).mp3,Audionerds,cN5RchsIaLk,Payload,Audionerds,official,Matched existing recording,true
1P8pH3wu4Bm5bOPX7bk9KzPz1jgfgrnzR,Phil Fuldner - Miami Pop (peacepipe04 remix).mp3,Peacepipe04,k9DkmBd2SFg,Phil Fuldner - Miami Pop (peacepipe04 remix),peacepipe04,unofficial,Matched existing recording,true
1Ni6SDJkM4WDSafBrux8DBZm8nXw3NtLa,peacepipe04 - um jogo no paraiso_SPED UP.mp3,Peacepipe04,ZAHhsKEW2jk,um jogo no paraíso SPED UP,peacepipe04,unofficial,Matched existing recording,true
1SQRtHh-nH0mgMdWE0p8RFYmOHJ_NoQVZ,peacepipe04 - um jogo no paraiso.mp3,Peacepipe04,zB1mfz7o_-0,um jogo no paraíso,peacepipe04,unofficial,Matched existing recording,true
1i-MH0v35eHFjeIHpJJiQ9Fyj1zUr5wjN,Cupcakke - CPR but its 70s corno music_INSTRUMENTAL.mp3,Peacepipe04,GL55YP8_0E4,Cupcakke - CPR but it’s 70s corno music INSTRUMENTAL,peacepipe04,unofficial,Matched existing recording,true
10i5S83Tww9JX4zEGZqTwNhMJi6wDJYOq,Cupcakke - CPR but its 70s corno music.mp3,Peacepipe04,ngFdLogRMtg,Cupcakke - CPR but it’s 70s corno music,peacepipe04,unofficial,Matched existing recording,true
1qXqk5dcgKeJjk_bwZe7qOivwEThicPjR,naya - bubble town (peacepipe04 remix).mp3,Peacepipe04,p8XDTN84aKs,naya - bubble town (peacepipe04 remix),peacepipe04,unofficial,Matched existing recording,true
15oyIgTutaewP4sC-Ipybq9-EX7BVbuE7,wipeout final pp04 remix.mp3,Peacepipe04,T3e_CcZFl9w,The Surfaris - Wipe out (peacepipe04 remix),peacepipe04,unofficial,Matched existing recording,true
1okU0lcY0mQbmWU1wZLx8rRVU9SjZ6oFH,peacepipe04 - UZI boomstick.mp3,Peacepipe04,G1nBOYhlirA,UZI boomstick,peacepipe04,unofficial,Matched existing recording,true
1skceFpjQ_E0n_Wx5t_NQVwZA5aUvkZhY,peacepipe04 - mad woman ting [ffll].mp3,Peacepipe04,VHzt6B4mPl4,mad woman ting,peacepipe04,unofficial,Matched existing recording,true
1uVE_U4BtbIX4U3bPeKzZY4o0PXAs2xqN,peacepipe04 - a room of tools guided by marked knight [ffll].mp3,Peacepipe04,TXr-XnyhmzQ,a room of tools guided by marked knight,peacepipe04,unofficial,Matched existing recording,true
1XS8rW6VENFUvNPyfcLinHP2QRd0rVDEY,peacepipe04 - descendant decade [ffll].mp3,Peacepipe04,ju_Drex7dG8,descendant decade,peacepipe04,unofficial,Matched existing recording,true
19THyla51bqK_EMltZZ1nQy2iRnfATPMu,peacepipe04 - ûëçåøßœîæ [ffll].mp3,Peacepipe04,xPmZbntLoDQ,ûëçåøßœîæ,peacepipe04,unofficial,Matched existing recording,true
1uyfUwfXk7CC15fL47rzKwOQuzdx-Xv0k,peacepipe04 - ainsley kensington [ffll].mp3,Peacepipe04,lOeJPbG_mtw,ainsley kensington,peacepipe04,unofficial,Matched existing recording,true
1RLEEN6zarL0kVFI16ESl-xB3oj-nO6tx,Eliminate - Walk Away (Fetch Quest Remix).mp3,Fetch Quest,geLKG9QxbeU,Eliminate - Walk Away (fetch quest remix),Fetch Quest,unverified,Matched existing recording,true
1wPtHHAI5SJeUeJSCIKWNMSRT30l8e3Ht,Daft Punk - Technologic (Audionerds Remix).mp3,Audionerds,XoOoF6o3_wY,daft punk - technologic (audionerds remix),Audionerds,unverified,Matched existing recording,true
1MSLrKcb8F93w_SbmpgtNHonH7TZG5sh6,Crossover.mp3,Audionerds,_YEfQaKH8FU,crossover,Fetch Quest,unverified,Matched existing recording,true
12f5lsd535s_NMbQH3PORrhByB_jS7KPP,Badlands.mp3,Audionerds,WLgIaGV4_3U,badlands,Fetch Quest,unverified,Matched existing recording,true
1bpJ_KMI7OKsKYpWf2XSUinUNjsGmqofg,Audionerds - I HOUSE U.mp3,Audionerds,AF9uT6lS8rI,the unalived mouse & the gang of wolves,peacepipe04,unofficial,Matched existing recording,true
1JiVTD6zoYjeujaAZ6KtC1eLrGmeZ84f-,Audionerds - Say No More (Original Mix).mp3,Audionerds,nH3TaACFswM,maledict,Fetch Quest,unverified,Matched existing recording,true
1BHP7cl6aecDgNUQkY1PZyuxmaU4oag04,Maledict.mp3,Audionerds,nH3TaACFswM,maledict,Fetch Quest,unverified,Matched existing recording,false
1EkqauHpyLz4rKh8p0g5YMWyYJNfoDoNt,INTRUDER FINAL MASTERED.mp3,Audionerds,LU6P3C4BhUs,intruder,Fetch Quest,unverified,Matched existing recording,true
1e-hIMQRenk-cBfelIUcGkiDzFBdrw7HV,INTRUDER FINAL MASTERED.mp3,Audionerds,LU6P3C4BhUs,intruder,Fetch Quest,unverified,Matched existing recording,true
1HBcGQpYBeEasBJt9fnsCoiZLe5z2xGJi,Audionerds - Jaeger ver. 1_MASTERED.mp3,Audionerds,HFJkEa3rylQ,jaeger (1st version),Audionerds,unverified,Matched existing recording,true
1sIErhkE0YSUHuHxAETg7QccFckwJlmmj,Atomic Punch Mastered Final.mp3,Audionerds,3ouEy-bigYQ,atomic punch,Fetch Quest,unverified,Matched existing recording,true
1MZq8yde9SGTceGrj81AsoaSDubp1j7tc,Audionerds - Hitchhike (Original Mix).mp3,Audionerds,JOwroFzvAXA,hitchhiker,Fetch Quest,unverified,Matched existing recording,true
1usWl6aPdz9qIbZOeNlBP__0Hz6WFv2jz,Soulja Boy X Wide Putin.mp3,Peacepipe04,MkgNTNv5Bhw,Soulja boy X piano fantasia - crank that song for Denise mashup,peacepipe04,unofficial,Matched existing recording,true
1kvWaGTc-_Lb0bbdUyAL84ako7oSD5Z7D,Loompaskettee & Bandlez - Riddim Track (peacepipe04 carnival color rawstyle rer).mp3,Peacepipe04,JEctLae7BG0,Loompaskettee & Bandlez - Riddim Track (peacepipe04 carnival color rawstyle ReR),peacepipe04,unofficial,Matched existing recording,true
1AO44wwveT8qkLuMthGv34Yl1VM0Psii5,epic cheesy toast - art of war (peacepipe04 art of peace recolor).mp3,Peacepipe04,up0emSzVhuQ,epic cheesy toast - art of war (peacepipe04 art of peace recolor),peacepipe04,unofficial,Matched existing recording,true
1A_eNHvinSMvKYUWH1WosPNZPlT9ypOWQ,Мамбетский Мидтехно 08.mp3,Peacepipe04,7dySB-q3W1w,super cool pumping music in the car,peacepipe04,unofficial,Matched existing recording,true
1nheoabf04_wyMshAZcwkP-5G5v0FydDR,fetch quest - UNITY_mastered.mp3,Fetch Quest,-jZKuY45FeQ,unity,Fetch Quest,unverified,Matched existing recording,true
1_k9OPWQCXHEKLnILJZVIF2G8Wi-CQs6d,peacepipe04 - baccpacc.mp3,Peacepipe04,COEG8DylnGk,baccpacc,peacepipe04,unofficial,Matched existing recording,true
1faWYK58pOnWbULvQEG_48ZMXUvi8WMpr,Drum N Bass 03_final.mp3,Fetch Quest,HSOTOJjwgC8,taurine groove,peacepipe04,unofficial,Matched existing recording,true
1L5YW86ik2DwTk7XI90amAw0ULc7NtK8w,Spankox - To The Club (Fetch Quest Remix).mp3,Fetch Quest,zzK_kqMhiaE,spankox - to the club (fetch quest remix)🕺🏽,Fetch Quest,unverified,Matched existing recording,true
18NJn4e8CF4Rc7rfKdp4Akgb6y22ch1Hi,sports_1.mp3,Peacepipe04,sf4qEpelhqQ,sport 🏀🥊,peacepipe04,unofficial,Matched existing recording,true
1jpPghjKjV_cZ6aH2eHNoPUOYbtpildcl,Audionerds - Back (Original Mix).mp3,Audionerds,sc-191959883,Back,Audionerds,official,Matched existing recording,false
1HYVBauiGWrataFVf5APSBI6pYzvYjqyK,back + a bit of mastering.mp3,Audionerds,sc-191959883,Back,Audionerds,official,Matched existing recording,true
1gtQndEy94doJk4kk9DTIgp6bqaTwD5eg,Rush (Remastered).mp3,Audionerds,sc-181225059,Rush,Audionerds,unverified,Matched existing recording,true
1kYgx-AbHJsu5944G5khXfE12wPKlaiKU,RAMBLE.mp3,Audionerds,sc-161938426,Ramble,Audionerds,unverified,Matched existing recording,true
1AMZ45TafSxVsM0tYdIKApl2LkjHpzNbP,ramble mastering.mp3,Audionerds,sc-161938426,Ramble,Audionerds,unverified,Matched existing recording,false
1YQC8Wg1qPkiHMqohEDi2CQvDlWv0CL2Z,#NERD (self-mastered).mp3,Epic Cheesy Toast,sc-148327923,#NERD,Epic Cheesy Toast,unofficial,Matched existing recording,true
1xsEcf2hAM-1KB-XL_nqAYL0V-1tjo_vk,ECT_-_NERD.mp3,Epic Cheesy Toast,sc-148327923,#NERD,Epic Cheesy Toast,unofficial,Matched existing recording,false
1ma0EeWraivphpPSSSEJAJg93c93h3WxB,Popeska ft. Denny White- Heart of Glass (ECT Remix).mp3,Epic Cheesy Toast,sc-143482171,Popeska feat. Denny White - Heart Of Glass (Audionerds Remix),Epic Cheesy Toast,unofficial,Matched existing recording,true
10wZ7YBlC-p-ApIWdnWxS4OxuqLqMqlnw,Epic Cheesy Toast - Havoc (Original Mix).mp3,Epic Cheesy Toast,sc-141846543,Havoc,Epic Cheesy Toast,unofficial,Matched existing recording,true
1pnoALX4BELCJHf-AOFUMVPNz7lZRq3hu,Havoc (Original Mix).mp3,Epic Cheesy Toast,sc-141846543,Havoc,Epic Cheesy Toast,unofficial,Matched existing recording,false
1IkfR18FhFs3FVb83CIk399JjUqx4OC3w,PRMT Preview.mp3,Audionerds,sc-123517237,PRMT [Preview],Epic Cheesy Toast,unofficial,Matched existing recording,true
16B_4VK1Pj-nd77yTB8GtIZ1JdSCzJfN5,Kids.mp3,Epic Cheesy Toast,sc-118080584,Kids,Epic Cheesy Toast,unofficial,Matched existing recording,true
1IazbVm2OR_-0dLRh0ql3OtEFZM2GDPhf,The Origin Of Life (Original Mix) [Self-Mastered].mp3,Epic Cheesy Toast,sc-113620964,The Origin Of Life,Epic Cheesy Toast,unofficial,Matched existing recording,true
0B6qg46ChnRO7eGV1UUFXMDVydk0,Bonecrusher.mp3,Epic Cheesy Toast,sc-105887583,Bonecrusher,Epic Cheesy Toast,unofficial,Matched existing recording,true
0B6qg46ChnRO7OGhqSkRWcWFKd1k,1. Space-Time Continuum.mp3,Epic Cheesy Toast,sc-78908151,Space-Time Continuum,Epic Cheesy Toast,unofficial,Matched existing recording,true
0B6qg46ChnRO7XzlCbFdPTVQ4VzQ,2. First Love Twice.mp3,Epic Cheesy Toast,1ZwcQz0s2tg,First Love Twice,Epic Cheesy Toast,unofficial,Matched existing recording,true
15P2bALLS297Ty5zmxQ-RscwPZcCvRK4r,lord of power_2.mp3,Peacepipe04,drive-15P2bALLS297Ty5zmxQ-RscwPZcCvRK4r,lord of power 2,peacepipe04,unofficial,Matched existing recording,true
1OoBD5bR9l5-x2llyNMZ7uTfFQjWVjFQW,butterfly fever dream.mp3,Peacepipe04,drive-1OoBD5bR9l5-x2llyNMZ7uTfFQjWVjFQW,butterfly fever dream,peacepipe04,unofficial,Matched existing recording,true
1qGjOPDqB3Wf224F9IU_B2StYnIkogYMM,Fetch Quest - WYCBA.mp3,Fetch Quest,drive-1qGjOPDqB3Wf224F9IU_B2StYnIkogYMM,WYCBA,Fetch Quest,unverified,Matched existing recording,true
0B6qg46ChnRO7MjBra1pOeVVjNDg,Epic_Cheesy_Toast_-_Sometimes_Evolution_Sucks.mp3,Epic Cheesy Toast,drive-0B6qg46ChnRO7MjBra1pOeVVjNDg,Sometimes Evolution Sucks,Epic Cheesy Toast,unofficial,Matched existing recording,true
0B6qg46ChnRO7MkQyczU2TUVWUjg,Epic Cheesy Toast - Mighty Maggots.mp3,Epic Cheesy Toast,drive-0B6qg46ChnRO7MkQyczU2TUVWUjg,Mighty Maggots,Epic Cheesy Toast,unofficial,Matched existing recording,true
0B6qg46ChnRO7aV9Ha3doNDNCNUU,Epic Cheesy Toast - ASIANS!.mp3,Epic Cheesy Toast,drive-0B6qg46ChnRO7aV9Ha3doNDNCNUU,ASIANS!,Epic Cheesy Toast,unofficial,Matched existing recording,true
0B6qg46ChnRO7YWVJeWpOWnpFMkE,Epic Cheesy Toast - Kleptomaniac.mp3,Epic Cheesy Toast,drive-0B6qg46ChnRO7YWVJeWpOWnpFMkE,Kleptomaniac,Epic Cheesy Toast,unofficial,Matched existing recording,true
0B6qg46ChnRO7b0lIcUpyeC1DNGM,Epic Cheesy Toast - Torque.mp3,Epic Cheesy Toast,drive-0B6qg46ChnRO7b0lIcUpyeC1DNGM,Torque,Epic Cheesy Toast,unofficial,Matched existing recording,true
13S2PQVWCuPgn6LJiSdXx2i14vUaUlF6_,epic_cheesy_toast_-_torque_(zaycev.net).mp3,Epic Cheesy Toast,drive-0B6qg46ChnRO7b0lIcUpyeC1DNGM,Torque,Epic Cheesy Toast,unofficial,Matched existing recording,false
0B6qg46ChnRO7b3pYNzNkcVhCaFU,Epic Cheesy Toast - Chinese Mafia.mp3,Epic Cheesy Toast,drive-0B6qg46ChnRO7b3pYNzNkcVhCaFU,Chinese Mafia,Epic Cheesy Toast,unofficial,Matched existing recording,true
0B6qg46ChnRO7ajRlMjFkRkZkZlE,Epic Cheese Toast - The Unleashed.mp3,Epic Cheesy Toast,drive-0B6qg46ChnRO7ajRlMjFkRkZkZlE,The Unleashed,Epic Cheesy Toast,unofficial,Matched existing recording,true
1p75MGtHRFE_zSUwdEfuxP2MGfFGKbBie,epic cheesy toast - The Unleashed.mp3,Epic Cheesy Toast,drive-0B6qg46ChnRO7ajRlMjFkRkZkZlE,The Unleashed,Epic Cheesy Toast,unofficial,Matched existing recording,false
0B6qg46ChnRO7WkVJakVqZkZ6dGc,12. Coming Home.mp3,Epic Cheesy Toast,drive-0B6qg46ChnRO7WkVJakVqZkZ6dGc,Coming Home,Epic Cheesy Toast,unofficial,Matched existing recording,true
0B6qg46ChnRO7R3JqYzhsV3luZVE,11. I'm Fine With That.mp3,Epic Cheesy Toast,drive-0B6qg46ChnRO7R3JqYzhsV3luZVE,I'm Fine With That,Epic Cheesy Toast,unofficial,Matched existing recording,true
0B6qg46ChnRO7Uy1fTURrX0ZJOEk,10. Hello America!.mp3,Epic Cheesy Toast,drive-0B6qg46ChnRO7Uy1fTURrX0ZJOEk,Hello America!,Epic Cheesy Toast,unofficial,Matched existing recording,true
0B6qg46ChnRO7RUZMek5mZjhrWkE,9. Lunar.mp3,Epic Cheesy Toast,drive-0B6qg46ChnRO7RUZMek5mZjhrWkE,Lunar,Epic Cheesy Toast,unofficial,Matched existing recording,true
0B6qg46ChnRO7b1Rud1dWaThaM1k,8. Art Of War.mp3,Epic Cheesy Toast,drive-0B6qg46ChnRO7b1Rud1dWaThaM1k,Art Of War,Epic Cheesy Toast,unofficial,Matched existing recording,true
1V5-8UQIRfgs8p7IMd1X0I1H-HFobAygf,8. Art Of War.mp3,Epic Cheesy Toast,drive-0B6qg46ChnRO7b1Rud1dWaThaM1k,Art Of War,Epic Cheesy Toast,unofficial,Matched existing recording,true
0B6qg46ChnRO7RE9qeV9JOFNRVEE,7. Grandma's Isotopes.mp3,Epic Cheesy Toast,drive-0B6qg46ChnRO7RE9qeV9JOFNRVEE,Grandma's Isotopes,Epic Cheesy Toast,unofficial,Matched existing recording,true
0B6qg46ChnRO7bWpndnlaeWFoSzA,6. Caffeine Addicted.mp3,Epic Cheesy Toast,drive-0B6qg46ChnRO7bWpndnlaeWFoSzA,Caffeine Addicted,Epic Cheesy Toast,unofficial,Matched existing recording,true
0B6qg46ChnRO7RUVKcTJ0RXU1RWM,5. Bassey Trebleson.mp3,Epic Cheesy Toast,drive-0B6qg46ChnRO7RUVKcTJ0RXU1RWM,Bassey Trebleson,Epic Cheesy Toast,unofficial,Matched existing recording,true
0B6qg46ChnRO7WXFnSElYRlNYN1k,4. Humanoids.mp3,Epic Cheesy Toast,drive-0B6qg46ChnRO7WXFnSElYRlNYN1k,Humanoids,Epic Cheesy Toast,unofficial,Matched existing recording,true
0B6qg46ChnRO7V0tNUlJ5aTRHazA,3. Reminiscence.mp3,Epic Cheesy Toast,drive-0B6qg46ChnRO7V0tNUlJ5aTRHazA,Reminiscence,Epic Cheesy Toast,unofficial,Matched existing recording,true
12bc_6xcM3hGz8hqjT2hw9jhN6pzt0sgx,Decoy Mastered.mp3,Audionerds,drive-13eas8jXbRojM-rvWChDiEa1wq4IMOVk0,Decoy,Audionerds,unverified,Matched existing recording,true
1TdlUMJaXf6thpFVttdsaGUOmN1iSvR5k,fetch quest - question mark.mp3,Raiko,drive-1TdlUMJaXf6thpFVttdsaGUOmN1iSvR5k,question mark,Raiko,unofficial,New recording,true
1G__lXeSxdSoC-x2ILMuLv_iEtCWv13-x,fetch quest - trap.mp3,Raiko,drive-1G__lXeSxdSoC-x2ILMuLv_iEtCWv13-x,trap,Raiko,unofficial,New recording,true
1GKJxk_v8KJMbWENpNN03HFixySvjdI_J,fq - house.mp3,Raiko,drive-1GKJxk_v8KJMbWENpNN03HFixySvjdI_J,house,Raiko,unofficial,New recording,true
1dixfOSnXOJsMNlnlSsoLtp4JUBS9Etpp,fq - synthwave3 (1).mp3,Raiko,drive-1dixfOSnXOJsMNlnlSsoLtp4JUBS9Etpp,synthwave3 (1),Raiko,unofficial,New recording,true
1145-PU2gzbjyFW5OJ0acmm2oAgoF8LXv,fq - lofi3.mp3,Raiko,drive-1145-PU2gzbjyFW5OJ0acmm2oAgoF8LXv,lofi3,Raiko,unofficial,New recording,true
1kCRqHIcB3CamAn7GVh5BQNuF9gMsuMLf,fq - dnb1.mp3,Raiko,drive-1kCRqHIcB3CamAn7GVh5BQNuF9gMsuMLf,dnb1,Raiko,unofficial,New recording,true
1DOgCwIxbJpBXLU7RMLf1591j_mj2x4nX,fq - fb2_2.mp3,Raiko,drive-1DOgCwIxbJpBXLU7RMLf1591j_mj2x4nX,fb2 2,Raiko,unofficial,New recording,true
1E8FuNmFPnjgK5uhVqb4VFfUi7Btqq5w8,fq - groovehouse1.mp3,Raiko,drive-1E8FuNmFPnjgK5uhVqb4VFfUi7Btqq5w8,groovehouse1,Raiko,unofficial,New recording,true
1uYf4dz8unlWpPSHdBy7X30m06GJhjG5F,fq - vapor.mp3,Raiko,drive-1uYf4dz8unlWpPSHdBy7X30m06GJhjG5F,vapor,Raiko,unofficial,New recording,true
1nPMS__btOTeUboCTVn5XkFgO67AiPfOD,fq - synthwave3.mp3,Raiko,drive-1nPMS__btOTeUboCTVn5XkFgO67AiPfOD,synthwave3,Raiko,unofficial,New recording,true
1vsRuvIVIg__RD0oXvnCNhYr93J03aDZl,fq - hiphop1.mp3,Raiko,drive-1vsRuvIVIg__RD0oXvnCNhYr93J03aDZl,hiphop1,Raiko,unofficial,New recording,true
1-wKgLFJ67ItPmhoxXJiIuQ0QOoTVSKxf,fq - synthwave3_1.mp3,Raiko,drive-1x08ll07Ki7QnS2y1eKLFEAU3dZM6bUs_,synthwave3 2,Raiko,unofficial,New recording,false
1n4ZRf6bXdF3LQM2Cu3lcTseT9NeL4t81,fq - synthwave super omega track ultra.mp3,Raiko,drive-1x08ll07Ki7QnS2y1eKLFEAU3dZM6bUs_,synthwave3 2,Raiko,unofficial,New recording,false
1x08ll07Ki7QnS2y1eKLFEAU3dZM6bUs_,synthwave3_2.mp3,Raiko,drive-1x08ll07Ki7QnS2y1eKLFEAU3dZM6bUs_,synthwave3 2,Raiko,unofficial,New recording,true
1hl1sgzpSUPPpduiz5RfzCc2JtZbp23_V,fq - hiphop1_1.mp3,Raiko,drive-1hl1sgzpSUPPpduiz5RfzCc2JtZbp23_V,hiphop1 1,Raiko,unofficial,New recording,true
1ghzia8hirKnQjyb8QIMJ_GRuQDawTE6P,fq - lofi4.mp3,Raiko,drive-1ghzia8hirKnQjyb8QIMJ_GRuQDawTE6P,lofi4,Raiko,unofficial,New recording,true
1Zw4kA2P2Z6jB4GmWVzOqj7xrx8W_LUot,fq - hiphop3.mp3,Raiko,drive-1Zw4kA2P2Z6jB4GmWVzOqj7xrx8W_LUot,hiphop3,Raiko,unofficial,New recording,true
1AgP_jAtst2UYkqdb4cG1nY7xG-3ERy5m,fq - futurebass1_4.mp3,Raiko,drive-1l4A78b5pRMNvfMtOD-oESdN6pcNGwOyj,futurebass1 4,Raiko,unofficial,New recording,false
1l4A78b5pRMNvfMtOD-oESdN6pcNGwOyj,futurebass1_4.mp3,Raiko,drive-1l4A78b5pRMNvfMtOD-oESdN6pcNGwOyj,futurebass1 4,Raiko,unofficial,New recording,true
1GBDjvZWVkHNgBJPlCa3fw6qnfShY8iXn,fq - piano1.mp3,Raiko,drive-1GBDjvZWVkHNgBJPlCa3fw6qnfShY8iXn,piano1,Raiko,unofficial,New recording,true
1RcVL63QT-8yoohqUjqvf9CdAgtl3zOo2,experiment3 - TBF melodic future bass4.mp3,Raiko,drive-1RcVL63QT-8yoohqUjqvf9CdAgtl3zOo2,experiment3 - TBF melodic future bass4,Raiko,unofficial,New recording,true
1ddlfvPPbc3_22KvMKlE6KBiScsApRxSW,experiment3 - TBF melodic future bass3.mp3,Raiko,drive-1ddlfvPPbc3_22KvMKlE6KBiScsApRxSW,experiment3 - TBF melodic future bass3,Raiko,unofficial,New recording,true
1QJfeiyRQiSBVfTnqSzR92m8aXzb88uXq,Electro House 3 - Woohoo.mp3,Raiko,drive-1QJfeiyRQiSBVfTnqSzR92m8aXzb88uXq,Electro House 3 - Woohoo,Raiko,unofficial,New recording,true
1GDDvMHkZO9g8i37XU0BLmuCyQNJpkXJG,hiphop6 -weird stuf m8.mp3,Raiko,drive-1GDDvMHkZO9g8i37XU0BLmuCyQNJpkXJG,hiphop6 -weird stuf m8,Raiko,unofficial,New recording,true
110dqo8utbQe-MtPTBrF3A5B4Rqh9nfVR,groovehouse1 - TBF good melody for the drop.mp3,Raiko,drive-110dqo8utbQe-MtPTBrF3A5B4Rqh9nfVR,groovehouse1 - TBF good melody for the drop,Raiko,unofficial,New recording,true
1wGCLhWROCQBeJUgb_DMxk2TCr8Mt15Hq,groovehouse3 - TBF sick tune if done right.mp3,Raiko,drive-1wGCLhWROCQBeJUgb_DMxk2TCr8Mt15Hq,groovehouse3 - TBF sick tune if done right,Raiko,unofficial,New recording,true
1IoU5r2FGsvM3xBNqM_sNHPco26uZoUDw,hiphop5-1.mp3,Raiko,drive-1IoU5r2FGsvM3xBNqM_sNHPco26uZoUDw,hiphop5-1,Raiko,unofficial,New recording,true
1NXu-wovmzyg9rWEYDmXzlazs91I_JbX-,Podcast2.mp3,Raiko,drive-1NXu-wovmzyg9rWEYDmXzlazs91I_JbX-,Podcast2,Raiko,unofficial,New recording,true
1trvXx-dmEwgskVtgOQaAFVnnYggEKeTz,groovehouse1_3.mp3,Raiko,drive-1trvXx-dmEwgskVtgOQaAFVnnYggEKeTz,groovehouse1 3,Raiko,unofficial,New recording,true
1Y4FMIekIZ5m8m6xbDbnzY0MiqwUZXhDE,orchestral3.mp3,Raiko,drive-1Y4FMIekIZ5m8m6xbDbnzY0MiqwUZXhDE,orchestral3,Raiko,unofficial,New recording,true
1EBv-7fJlarieL-f0eFgdoZSr-biyTVup,Orchestral2.mp3,Raiko,drive-1EBv-7fJlarieL-f0eFgdoZSr-biyTVup,Orchestral2,Raiko,unofficial,New recording,true
1QcSwSdQzzynZHsGc_R8vZU0omB5Fv2Cc,pls.mp3,Raiko,drive-1EBv-7fJlarieL-f0eFgdoZSr-biyTVup,Orchestral2,Raiko,unofficial,New recording,false
1akttX9CGiVa5kdl1r8ZG_YgVzLeDM82d,Orchestral1.mp3,Raiko,drive-1akttX9CGiVa5kdl1r8ZG_YgVzLeDM82d,Orchestral1,Raiko,unofficial,New recording,true
1dVpaRmwnG3UphYfvrVwjlEMePiwn272g,Orch.mp3,Raiko,drive-1akttX9CGiVa5kdl1r8ZG_YgVzLeDM82d,Orchestral1,Raiko,unofficial,New recording,false
1N6xGY2KdQtjueeJ3Bt38TfzVijEkRwqd,lofi5.mp3,Raiko,drive-1N6xGY2KdQtjueeJ3Bt38TfzVijEkRwqd,lofi5,Raiko,unofficial,New recording,true
1jWXrn5iaSiea0K1eQoI00-K7oZfcZUC2,futurebass1_2.mp3,Raiko,drive-1jWXrn5iaSiea0K1eQoI00-K7oZfcZUC2,futurebass1 2,Raiko,unofficial,New recording,true
131CSRnyJX8_Oe6Z5jW_uNzzEeFiQtLnE,experiment3_3.mp3,Raiko,drive-131CSRnyJX8_Oe6Z5jW_uNzzEeFiQtLnE,experiment3 3,Raiko,unofficial,New recording,true
1gK8J4REGIHqsKGrVY9U5Ln27O-teuIRQ,futurebass1_1.mp3,Raiko,drive-1gK8J4REGIHqsKGrVY9U5Ln27O-teuIRQ,futurebass1 1,Raiko,unofficial,New recording,true
1qlzpcG1t57ZJueUryXEQgfF45h6YGJa5,oriental hip hop.mp3,Raiko,drive-1qlzpcG1t57ZJueUryXEQgfF45h6YGJa5,oriental hip hop,Raiko,unofficial,New recording,true
1m48gscteeE2l-NU6X5dJ5raY9c8ZuxNz,test111215954.mp3,Raiko,drive-1m48gscteeE2l-NU6X5dJ5raY9c8ZuxNz,test111215954,Raiko,unofficial,New recording,true
1vluML2zbjuwFmOWdlxpsjkRk2Kwi0NXg,some piano melodies.mp3,Raiko,drive-1vluML2zbjuwFmOWdlxpsjkRk2Kwi0NXg,some piano melodies,Raiko,unofficial,New recording,true
1oBfhHFx9YBiP4g-4jU8jAvM5QO4wpnO0,is this epic..mp3,Raiko,drive-1oBfhHFx9YBiP4g-4jU8jAvM5QO4wpnO0,is this epic.,Raiko,unofficial,New recording,true
1j486svB5KcUAMydJOrstnx7ICBnEp4A8,criteria.mp3,Raiko,drive-1j486svB5KcUAMydJOrstnx7ICBnEp4A8,criteria,Raiko,unofficial,New recording,true
1TnTRpbDzVWDuJE5lvz2pJfayBA17KDnP,lelelleel.mp3,Raiko,drive-1TnTRpbDzVWDuJE5lvz2pJfayBA17KDnP,lelelleel,Raiko,unofficial,New recording,true
10JCiLWCbQ1aStaHwCVLbdI-vKvXWtcvu,Progressive 01.mp3,Raiko,drive-10JCiLWCbQ1aStaHwCVLbdI-vKvXWtcvu,Progressive 01,Raiko,unofficial,New recording,true
18vqWUJCyiCd0Y6xBLhhyDxh0Bt3dH7U-,Vargo.mp3,Raiko,drive-18vqWUJCyiCd0Y6xBLhhyDxh0Bt3dH7U-,Vargo,Raiko,unofficial,New recording,true
1zd-rqPPIZOjsLGKJ7DG2QuBVnxVxDfEa,Trap (2).mp3,Raiko,drive-1zd-rqPPIZOjsLGKJ7DG2QuBVnxVxDfEa,Trap (2),Raiko,unofficial,New recording,true
1XnZL2UEfrBnd2FL40swGbqMrQz0ReacQ,payload.mp3,Raiko,drive-1XnZL2UEfrBnd2FL40swGbqMrQz0ReacQ,payload,Raiko,unofficial,New recording,true
1lRXmLpH25UQ-iz8A7CD-EXcW1rRjl5Ga,future house 2.mp3,Raiko,drive-1lRXmLpH25UQ-iz8A7CD-EXcW1rRjl5Ga,future house 2,Raiko,unofficial,New recording,true
1zOOTYV-hWpuOuU_qddIsdlJDFYa8Cqk2,future house.mp3,Raiko,drive-1zOOTYV-hWpuOuU_qddIsdlJDFYa8Cqk2,future house,Raiko,unofficial,New recording,true
1--n5YGcZ_D1QaFOhhPFbhnTWDhyKfm3g,001.mp3,Raiko,drive-1--n5YGcZ_D1QaFOhhPFbhnTWDhyKfm3g,001,Raiko,unofficial,New recording,true
1EHwEGhV4OL9R8xNTZ51FX6fG34ljBwHj,Collab.mp3,Raiko,drive-1EHwEGhV4OL9R8xNTZ51FX6fG34ljBwHj,Collab,Raiko,unofficial,New recording,true
1vP-B9CQSCMhpZuyArc0SnS_HFese3JoP,Unlike.mp3,Raiko,drive-1vP-B9CQSCMhpZuyArc0SnS_HFese3JoP,Unlike,Raiko,unofficial,New recording,true
1mnZLJcbTxWUQIE-AxfOToxgmOjYjwAZR,Electro Hoose.mp3,Raiko,drive-1mnZLJcbTxWUQIE-AxfOToxgmOjYjwAZR,Electro Hoose,Raiko,unofficial,New recording,true
1n9kX8RKdRp8bYWURmMMn-UrCvuqzRSZw,Bad Boy (3).mp3,Raiko,drive-1n9kX8RKdRp8bYWURmMMn-UrCvuqzRSZw,Bad Boy (3),Raiko,unofficial,New recording,true
1O5utR3n8CeT00ZAGMD8AgidxZUeK5vNU,Extremely.mp3,Raiko,drive-1O5utR3n8CeT00ZAGMD8AgidxZUeK5vNU,Extremely,Raiko,unofficial,New recording,true
1KFWfpgwgqfry4R0RDOKBxZbiqkTwaddU,woohoo preview.mp3,Raiko,drive-1KFWfpgwgqfry4R0RDOKBxZbiqkTwaddU,woohoo preview,Raiko,unofficial,New recording,true
1ziPhBPgMJ0fee6H50V34jlsVMB1qv_9y,prakresif haus.mp3,Raiko,drive-1ziPhBPgMJ0fee6H50V34jlsVMB1qv_9y,prakresif haus,Raiko,unofficial,New recording,true
1jqaouaJ2R2JR1JZ8AvFgLj-RiwfR0Wur,unlike edit.mp3,Raiko,drive-1jqaouaJ2R2JR1JZ8AvFgLj-RiwfR0Wur,unlike edit,Raiko,unofficial,New recording,true
15nqbOKMSome2Htd9nu2YlibMnu7tYtfF,Cerberus.mp3,Raiko,drive-15nqbOKMSome2Htd9nu2YlibMnu7tYtfF,Cerberus,Raiko,unofficial,New recording,true
1M9hG1_S7q226xWJhm4o17dUvGKpvBYAB,Cataclysm (3).mp3,Raiko,drive-1M9hG1_S7q226xWJhm4o17dUvGKpvBYAB,Cataclysm (3),Raiko,unofficial,New recording,true
1E6CiPaasVhUWczUrbyLGB-V24korJ8Ij,Unlike (Edit).mp3,Epic Cheesy Toast,drive-1E6CiPaasVhUWczUrbyLGB-V24korJ8Ij,Unlike (Edit),Epic Cheesy Toast,unofficial,New recording,true
1NpzEefGTYK-fgVmH8PnVsB8FYW7GBY2l,ECT_-_Cowboy.mp3,Epic Cheesy Toast,drive-1NpzEefGTYK-fgVmH8PnVsB8FYW7GBY2l,Cowboy (Archive version),Epic Cheesy Toast,unofficial,New recording,true
1Of7d8dwFwA2qda_uTX2NOMY5bUOxDiQx,ECT - Machinist.mp3,Epic Cheesy Toast,drive-1Of7d8dwFwA2qda_uTX2NOMY5bUOxDiQx,Machinist,Epic Cheesy Toast,unofficial,New recording,true
1UF8lItZ8HP2VLwIcGa8PLPiSQyZ6PhZP,Unlike (Original Mix).mp3,Epic Cheesy Toast,drive-1UF8lItZ8HP2VLwIcGa8PLPiSQyZ6PhZP,Unlike (Original Mix),Epic Cheesy Toast,unofficial,New recording,true
1wAKcnubIfvfjRqxEaNtp97RndJVX8inK,Simon.mp3,Epic Cheesy Toast,drive-1wAKcnubIfvfjRqxEaNtp97RndJVX8inK,Simon,Epic Cheesy Toast,unofficial,New recording,true
1427NdjnKvMZqWjlXDfvYKuMNCbvuuxn-,Preview_ECT_-_Badass_Gemini_From_Past.mp3,Epic Cheesy Toast,drive-1427NdjnKvMZqWjlXDfvYKuMNCbvuuxn-,Badass Gemini From Past (Preview),Epic Cheesy Toast,unofficial,New recording,true
1QhiLuSk-bioG_fg20e-1MJQj4NPUivVe,Slide.mp3,Audionerds,drive-1427NdjnKvMZqWjlXDfvYKuMNCbvuuxn-,Badass Gemini From Past (Preview),Epic Cheesy Toast,unofficial,New recording,false
15MCaSz0n5I_6nXRxEkWoz7qB4uHz7CvT,Kleph.mp3,Epic Cheesy Toast,drive-15MCaSz0n5I_6nXRxEkWoz7qB4uHz7CvT,Kleph,Epic Cheesy Toast,unofficial,New recording,true
1NIxuW3RNG7SVDywqlXMR9knc5Lx00gMd,epic cheesy toast - Cupcake Cocktail.mp3,Epic Cheesy Toast,drive-1NIxuW3RNG7SVDywqlXMR9knc5Lx00gMd,Cupcake Cocktail,Epic Cheesy Toast,unofficial,New recording,true
1rNAWDWbsIn2qhoAi-GKsTIaO4yFNx2Ua,epic cheesy toast - Recluse.mp3,Epic Cheesy Toast,drive-1rNAWDWbsIn2qhoAi-GKsTIaO4yFNx2Ua,Recluse,Epic Cheesy Toast,unofficial,New recording,true
1jPNN4W2RkW2F7m64NqWLRjhaAqXMUiMq,epic cheesy toast - Rocket Jump.mp3,Epic Cheesy Toast,drive-1jPNN4W2RkW2F7m64NqWLRjhaAqXMUiMq,Rocket Jump,Epic Cheesy Toast,unofficial,New recording,true
131llZ3DoAj4WCt00fQh-2w9xdPd1TYtW,Machinist Preview.mp3,Audionerds,drive-131llZ3DoAj4WCt00fQh-2w9xdPd1TYtW,Machinist Preview,Audionerds,unofficial,New recording,true
1IOYM-VD0hhSYsu38axBvvpSeOSODBAfl,trap.mp3,Audionerds,drive-1IOYM-VD0hhSYsu38axBvvpSeOSODBAfl,trap,Audionerds,unofficial,New recording,true
1MW8vwrFdng8OVlV8TR-kSsNdOEFKOzfr,Caravan.mp3,Audionerds,drive-1MW8vwrFdng8OVlV8TR-kSsNdOEFKOzfr,Caravan,Audionerds,unofficial,New recording,true
1fRRj3u4uJ4b2wBlV8AAKoAKO48U6S6Cg,Trap.mp3,Audionerds,drive-1fRRj3u4uJ4b2wBlV8AAKoAKO48U6S6Cg,Trap,Audionerds,unofficial,New recording,true
1wbLQBRbx7n4DzuCTXp7WPglWdwd2m1Zx,ID.mp3,Audionerds,drive-1wbLQBRbx7n4DzuCTXp7WPglWdwd2m1Zx,ID,Audionerds,unofficial,New recording,true
1UU_CwjsS0R1zjR8DNlyXJQXDHNgYoKec,Us.mp3,Audionerds,drive-1UU_CwjsS0R1zjR8DNlyXJQXDHNgYoKec,Us,Audionerds,unofficial,New recording,true
1gNtE13Gk4gc2-Y_70Y9LgEbGespvaOk2,Melody.mp3,Audionerds,drive-1gNtE13Gk4gc2-Y_70Y9LgEbGespvaOk2,Melody,Audionerds,unofficial,New recording,true
1Tj0Cl8xFslUiHd71-wop0mHkiuFDPFJA,MIX.mp3,Audionerds,drive-1Tj0Cl8xFslUiHd71-wop0mHkiuFDPFJA,MIX,Audionerds,unofficial,New recording,true
1Bb80Thu01X9oLH6hbPt0ijv9xkIFFxCd,96.mp3,Audionerds,drive-1Bb80Thu01X9oLH6hbPt0ijv9xkIFFxCd,96,Audionerds,unofficial,New recording,true
1527aivR5ZtboNwgss8JAC5-aY9WcOOS8,Cataclysm (2).mp3,Audionerds,drive-1527aivR5ZtboNwgss8JAC5-aY9WcOOS8,Cataclysm (2),Audionerds,unofficial,New recording,true
1P4ECjBWTFoOYdnm4H7DY5SnZWmp2jDZN,Yooooopooooo.mp3,Audionerds,drive-1P4ECjBWTFoOYdnm4H7DY5SnZWmp2jDZN,Yooooopooooo,Audionerds,unofficial,New recording,true
1nRyI_fMBui1zfTIggBY5ULZJlkYfTMim,kik iz fluta.mp3,Audionerds,drive-1nRyI_fMBui1zfTIggBY5ULZJlkYfTMim,kik iz fluta,Audionerds,unofficial,New recording,true
1zvJriko54wk-BiyM1aPvjXmJrlT66mp5,Good Old Days (Original Mix).mp3,Audionerds,drive-1zvJriko54wk-BiyM1aPvjXmJrlT66mp5,Good Old Days (Original Mix),Audionerds,unofficial,New recording,true
1Q93N1YvWGPuh5aCxOMu1hvDN37H80t9g,Blackout (Preview).mp3,Audionerds,drive-1Q93N1YvWGPuh5aCxOMu1hvDN37H80t9g,Blackout (Preview),Audionerds,unofficial,New recording,true
1xjPMjxmxXP3Pbln3rN5AUxV72WgpRopJ,Good Old Days (2).mp3,Audionerds,drive-1xjPMjxmxXP3Pbln3rN5AUxV72WgpRopJ,Good Old Days (2),Audionerds,unofficial,New recording,true
1B46gE0cXUAxXMGwzeiivgxMypjcpvu_a,Good Old Days.mp3,Audionerds,drive-1B46gE0cXUAxXMGwzeiivgxMypjcpvu_a,Good Old Days,Audionerds,unofficial,New recording,true
1PV0e4cRacFHKiDCwNpzgYW0aBGl1b675,Impulse.mp3,Audionerds,drive-1PV0e4cRacFHKiDCwNpzgYW0aBGl1b675,Impulse,Audionerds,unofficial,New recording,true
1hN-0gga2Gb0hOjRIAfEPbLgf-c7HOqwI,Progressive BigRoom (2).mp3,Audionerds,drive-1hN-0gga2Gb0hOjRIAfEPbLgf-c7HOqwI,Progressive BigRoom (2),Audionerds,unofficial,New recording,true
1RyXloQ2Pu90inozwkloARcNLXLsNky8T,Tomahawk.mp3,Audionerds,drive-1RyXloQ2Pu90inozwkloARcNLXLsNky8T,Tomahawk,Audionerds,unofficial,New recording,true
1Ow7vJ2jq0FI6CeZFyBbVCafZ301oQUzP,dmtr_vgs_lk_mk.mp3,Audionerds,drive-1Ow7vJ2jq0FI6CeZFyBbVCafZ301oQUzP,dmtr vgs lk mk,Audionerds,unofficial,New recording,true
1otCjJASlT_fjC5WDv5a1BTyZQ9bVm1w9,Progressive BigRoom.mp3,Audionerds,drive-1otCjJASlT_fjC5WDv5a1BTyZQ9bVm1w9,Progressive BigRoom,Audionerds,unofficial,New recording,true
19BWoYyeX-EBlz5RFMiX8MBX5ORxaQG1C,Bad Boy.mp3,Audionerds,drive-19BWoYyeX-EBlz5RFMiX8MBX5ORxaQG1C,Bad Boy,Audionerds,unofficial,New recording,true
12DwbQietrT-RczxLabcC-93PO4yDS_Mm,Tomahawk (Working Title).mp3,Audionerds,drive-12DwbQietrT-RczxLabcC-93PO4yDS_Mm,Tomahawk (Working Title),Audionerds,unofficial,New recording,true
1oYWIjwrkE-H22CeW4iBJLXlX98YebccS,Afterlife (Working Title).mp3,Audionerds,drive-1oYWIjwrkE-H22CeW4iBJLXlX98YebccS,Afterlife (Working Title),Audionerds,unofficial,New recording,true
1-qhDNfXIGLDXdCGWhYotnsTnKqy1sZkT,Cataclysm.mp3,Audionerds,drive-1-qhDNfXIGLDXdCGWhYotnsTnKqy1sZkT,Cataclysm,Audionerds,unofficial,New recording,true
14z9g2qSOLiBfAbE1SuCHG-MmYMwRdQ4S,Kids 2.mp3,Audionerds,drive-14z9g2qSOLiBfAbE1SuCHG-MmYMwRdQ4S,Kids 2,Audionerds,unofficial,New recording,true
11Wqvr8WmvAxrnDXddyOKsNSsH01WWGn5,Kappa Kabanna.mp3,Audionerds,drive-11Wqvr8WmvAxrnDXddyOKsNSsH01WWGn5,Kappa Kabanna,Audionerds,unofficial,New recording,true
1719QNcQrOwzRU-__Hjhn7IFH6f4JA-Wr,Ne Ponimation.mp3,Audionerds,drive-1719QNcQrOwzRU-__Hjhn7IFH6f4JA-Wr,Ne Ponimation,Audionerds,unofficial,New recording,true
1cThjpQmnYQ6w1GWONyFFfgmQYqa2xP4X,Untitled.mp3,Audionerds,drive-1cThjpQmnYQ6w1GWONyFFfgmQYqa2xP4X,Untitled,Audionerds,unofficial,New recording,true
1X2WDUUhKjUNCz1XC0oSqhwHDZ7BEu5vz,memes through desert.mp3,Peacepipe04,drive-1X2WDUUhKjUNCz1XC0oSqhwHDZ7BEu5vz,memes through desert,peacepipe04,unofficial,New recording,true
1TwqcNVJupGz7iPsDKC3MlmZMHLJwwswl,Playground_Moxxy.mp3,Peacepipe04,drive-1TwqcNVJupGz7iPsDKC3MlmZMHLJwwswl,Playground Moxxy,peacepipe04,unofficial,New recording,true
1cQuq1-wj9Ebs-K73s22a3vfHRMNwkwA0,PH+SHREK.mp3,Peacepipe04,drive-1cQuq1-wj9Ebs-K73s22a3vfHRMNwkwA0,PH+SHREK,peacepipe04,unofficial,New recording,true
1O58lIMKV9fdfh9fxDWi8LQA5EkGOE8n_,MASH-UP.mp3,Peacepipe04,drive-1O58lIMKV9fdfh9fxDWi8LQA5EkGOE8n_,MASH-UP,peacepipe04,unofficial,New recording,true
1Ss5Xfa4UHKt4zzaxlJL3ONaW8k8zzWVs,MASH-UP 4 (69 + Breakbot).mp3,Peacepipe04,drive-1Ss5Xfa4UHKt4zzaxlJL3ONaW8k8zzWVs,MASH-UP 4 (69 + Breakbot),peacepipe04,unofficial,New recording,true
14PYDrRa6XYyhetZmWTyI-KHxpdn8DMp7,Madik_Intro_4_Final.mp3,Peacepipe04,drive-14PYDrRa6XYyhetZmWTyI-KHxpdn8DMp7,Madik Intro 4 Final,peacepipe04,unofficial,New recording,true
19PfMI6f4DcwjMbkzYWL73TvL9YnH6DkD,Dream_Mastered.mp3,Peacepipe04,drive-19PfMI6f4DcwjMbkzYWL73TvL9YnH6DkD,Dream,peacepipe04,unofficial,New recording,true
1rhBhluiFLp3gEOEc7gpdoCar-IdK4E0l,BYDILDO 4.mp3,Peacepipe04,drive-1rhBhluiFLp3gEOEc7gpdoCar-IdK4E0l,BYDILDO 4,peacepipe04,unofficial,New recording,true
