artist,title,status,verified_music_services,youtube,soundcloud,spotify,apple_music,note
Fetch Quest,Waverider,official,appleMusic; spotify,https://www.youtube.com/watch?v=WrjCeMjexWc,https://soundcloud.com/fetchquest/waverider,https://open.spotify.com/track/0DXO8YcURVZYbte55K0kwI,https://music.apple.com/us/album/waverider/1500466022?i=1500466023&uo=4,Artist and exact release title matched on Apple Music; alternate versions are not inferred.
Fetch Quest,Hotwire,official,appleMusic; spotify,https://www.youtube.com/watch?v=0jZfu7AWHM0,,https://open.spotify.com/track/2sJNzaaelWiQBhxULA4DPO,https://music.apple.com/us/album/hotwire/1698509712?i=1698509715&uo=4,Artist and exact release title matched on Apple Music; alternate versions are not inferred.
Fetch Quest,Concentrated Madness,official,appleMusic; spotify,https://www.youtube.com/watch?v=3yLBYcHJ2VY,https://soundcloud.com/fetchquest/fetch-quest-concentrated-madness,https://open.spotify.com/track/0c1S2sFCGTHT63Mmt4WkSx,https://music.apple.com/us/album/concentrated-madness/1519691406?i=1519691407&uo=4,Artist and exact release title matched on Apple Music; alternate versions are not inferred.
Fetch Quest,Guesswork,official,appleMusic; spotify,https://www.youtube.com/watch?v=IDB6aJWg4lg,https://soundcloud.com/fetchquest/guesswork,https://open.spotify.com/track/1Nbf5DvMU1xk51bEazSVVW,https://music.apple.com/us/album/guesswork/1457449419?i=1457449420&uo=4,Artist and exact release title matched on Apple Music; alternate versions are not inferred.
Fetch Quest,Vernyi,official,appleMusic; spotify,https://www.youtube.com/watch?v=dG6aKvJk3sM,,https://open.spotify.com/track/2wYSq6zpv2SKQsYevyVcsn,https://music.apple.com/us/album/vernyi/1621539544?i=1621539545&uo=4,Artist and exact release title matched on Apple Music; alternate versions are not inferred.
Fetch Quest,Speedrun,official,appleMusic; spotify,https://www.youtube.com/watch?v=d7FTtwyaIcI,https://soundcloud.com/fetchquest/speedrun,https://open.spotify.com/track/1wqZVMQ1dQfcktU46SXzFy,https://music.apple.com/us/album/speedrun/1591400901?i=1591400902&uo=4,Artist and exact release title matched on Apple Music; alternate versions are not inferred.
Fetch Quest,Zoology,official,appleMusic,https://www.youtube.com/watch?v=FPeV7PODP1s,https://soundcloud.com/fetchquest/zoology,,https://music.apple.com/us/album/zoology/1437852738?i=1437852751&uo=4,Artist and exact release title matched on Apple Music; alternate versions are not inferred.
Fetch Quest,Flesh,official,appleMusic; spotify,https://www.youtube.com/watch?v=ATNTVVZCWkU,https://soundcloud.com/fetchquest/flesh,https://open.spotify.com/track/5f6GQPC488w6wzycnY7lpo,https://music.apple.com/us/album/flesh/1542545741?i=1542545742&uo=4,Artist and exact release title matched on Apple Music; alternate versions are not inferred.
Fetch Quest,Zircon,official,appleMusic; spotify,https://www.youtube.com/watch?v=X5Rpm8JVQBg,https://soundcloud.com/fetchquest/zircon,https://open.spotify.com/track/1XqhwzdZIB6ahY1u07ZtFk,https://music.apple.com/us/album/zircon/1448618026?i=1448618027&uo=4,Artist and exact release title matched on Apple Music; alternate versions are not inferred.
Fetch Quest,Framework,official,appleMusic,https://www.youtube.com/watch?v=ZCJ1nJ3Q79E,,,https://music.apple.com/us/album/framework/1663900487?i=1663900488&uo=4,Artist and exact release title matched on Apple Music; alternate versions are not inferred.
Fetch Quest,Touchstone,official,appleMusic,https://www.youtube.com/watch?v=hL2ZWAv0278,https://soundcloud.com/fetchquest/touchstone,,https://music.apple.com/us/album/touchstone/1437694439?i=1437694442&uo=4,Artist and exact release title matched on Apple Music; alternate versions are not inferred.
Fetch Quest,Dog’s Dogma,official,appleMusic; spotify,https://www.youtube.com/watch?v=3wdB6cA1KX4,,https://open.spotify.com/track/1XUNDs23cW4UI6C1OPZSft,https://music.apple.com/us/album/dogs-dogma/1696443364?i=1696443365&uo=4,Artist and exact release title matched on Apple Music; alternate versions are not inferred.
Fetch Quest,Pseudoscience,official,appleMusic; spotify,https://www.youtube.com/watch?v=BstitX2x7vM,https://soundcloud.com/fetchquest/pseudoscience,https://open.spotify.com/track/4PjDcRrjThtPVomTW4P6ek,https://music.apple.com/us/album/pseudoscience/1447895947?i=1447895950&uo=4,Artist and exact release title matched on Apple Music; alternate versions are not inferred.
Fetch Quest,Omnipotence,official,appleMusic,https://www.youtube.com/watch?v=KRCBjxM92Uk,https://soundcloud.com/fetchquest/omnipotence,,https://music.apple.com/us/album/omnipotence/1488831034?i=1488831035&uo=4,Artist and exact release title matched on Apple Music; alternate versions are not inferred.
Fetch Quest,Angry Teenagers,official,appleMusic; spotify,https://www.youtube.com/watch?v=f0JpJon_YqM,,https://open.spotify.com/track/0nRVlYqSikAT7XlELocwEn,https://music.apple.com/us/album/angry-teenagers/1694287202?i=1694287203&uo=4,Artist and exact release title matched on Apple Music; alternate versions are not inferred.
Fetch Quest,Nanowire,official,appleMusic; spotify,https://www.youtube.com/watch?v=5OS3_Y8_raw,,https://open.spotify.com/track/6MUmAIq7I603kHWlb7cYSz,https://music.apple.com/us/album/nanowire/1698509712?i=1698510076&uo=4,Artist and exact release title matched on Apple Music; alternate versions are not inferred.
Fetch Quest,Kinship,official,appleMusic; spotify,https://www.youtube.com/watch?v=JpVo3seANv0,,https://open.spotify.com/track/5SpiIyEcPyajfs1kPQ8qce,https://music.apple.com/us/album/kinship/1695575385?i=1695575626&uo=4,Artist and exact release title matched on Apple Music; alternate versions are not inferred.
Fetch Quest,Disco Mbobulate,official,appleMusic; spotify,https://www.youtube.com/watch?v=XP1oxENYnQ4,,https://open.spotify.com/track/0Yg5C3y4fZ1E7d7GbxAgVq,https://music.apple.com/us/album/disco-mbobulate/1696443364?i=1696443366&uo=4,Artist and exact release title matched on Apple Music; alternate versions are not inferred.
Fetch Quest,Trapwire,official,appleMusic; spotify,https://www.youtube.com/watch?v=s4lCTG9Pzq4,,https://open.spotify.com/track/6oazKy3qGZImKZWp8SEKyf,https://music.apple.com/us/album/trapwire/1698509712?i=1698509713&uo=4,Artist and exact release title matched on Apple Music; alternate versions are not inferred.
Fetch Quest,Ascendant Decade,official,appleMusic,https://www.youtube.com/watch?v=Remok-ADVHM,https://soundcloud.com/fetchquest/ascendant-decade,,https://music.apple.com/us/album/ascendant-decade/1501971778?i=1501971779&uo=4,Artist and exact release title matched on Apple Music; alternate versions are not inferred.
Fetch Quest,Glazed Curd,official,appleMusic; spotify,https://www.youtube.com/watch?v=V0oW0gPL5vo,https://soundcloud.com/fetchquest/glazed-curd,https://open.spotify.com/track/157cUaqPeIFLb6h8Lu2Dor,https://music.apple.com/us/album/glazed-curd/6806023982?i=6806023984&uo=4,Artist and exact release title matched on Apple Music; alternate versions are not inferred.
Fetch Quest,Bones,official,appleMusic; spotify,https://www.youtube.com/watch?v=6UAUJfoGDfI,,https://open.spotify.com/track/3TVG0C7iy3Pfg9t3ibD578,https://music.apple.com/us/album/bones/1542545741?i=1542545743&uo=4,Artist and exact release title matched on Apple Music; alternate versions are not inferred.
peacepipe04,Ian Oliver ft. Eastenders - Vino Vino_-_slowed w reverb,unofficial,,https://www.youtube.com/watch?v=Ruk54SRuRJg,,,,Owner confirmed this artist’s catalog is not yet officially distributed.
peacepipe04,generic indie pop song,unofficial,,https://www.youtube.com/watch?v=oasfLfWYgTo,,,,Owner confirmed this artist’s catalog is not yet officially distributed.
peacepipe04,the trashbird,unofficial,,https://www.youtube.com/watch?v=Z6MmnzhYt7I,,,,Owner confirmed this artist’s catalog is not yet officially distributed.
peacepipe04,Cupcakke - Duck Duck Goose but it’s disco INSTRUMENTAL,unofficial,,https://www.youtube.com/watch?v=ZODS3DRGkhc,,,,Owner confirmed this artist’s catalog is not yet officially distributed.
peacepipe04,Cupcakke - Duck Duck Goose but it’s disco,unofficial,,https://www.youtube.com/watch?v=4DikQvqlHYI,,,,Owner confirmed this artist’s catalog is not yet officially distributed.
peacepipe04,Martin Garrix - Animals (peacepipe04 cheap cumbia remix),unofficial,,https://www.youtube.com/watch?v=h8mS3jgxp58,,,,Owner confirmed this artist’s catalog is not yet officially distributed.
Audionerds,Payload,official,appleMusic,https://www.youtube.com/watch?v=cN5RchsIaLk,,,https://music.apple.com/us/album/payload/1018861953?i=1018862849&uo=4,Artist and exact release title matched on Apple Music; alternate versions are not inferred.
peacepipe04,Phil Fuldner - Miami Pop (peacepipe04 remix),unofficial,,https://www.youtube.com/watch?v=k9DkmBd2SFg,,,,Owner confirmed this artist’s catalog is not yet officially distributed.
peacepipe04,um jogo no paraíso SPED UP,unofficial,,https://www.youtube.com/watch?v=ZAHhsKEW2jk,,,,Owner confirmed this artist’s catalog is not yet officially distributed.
peacepipe04,um jogo no paraíso,unofficial,,https://www.youtube.com/watch?v=zB1mfz7o_-0,,,,Owner confirmed this artist’s catalog is not yet officially distributed.
peacepipe04,Cupcakke - CPR but it’s 70s corno music INSTRUMENTAL,unofficial,,https://www.youtube.com/watch?v=GL55YP8_0E4,,,,Owner confirmed this artist’s catalog is not yet officially distributed.
peacepipe04,Cupcakke - CPR but it’s 70s corno music,unofficial,,https://www.youtube.com/watch?v=ngFdLogRMtg,,,,Owner confirmed this artist’s catalog is not yet officially distributed.
peacepipe04,naya - bubble town (peacepipe04 remix),unofficial,,https://www.youtube.com/watch?v=p8XDTN84aKs,,,,Owner confirmed this artist’s catalog is not yet officially distributed.
peacepipe04,The Surfaris - Wipe out (peacepipe04 remix),unofficial,,https://www.youtube.com/watch?v=T3e_CcZFl9w,,,,Owner confirmed this artist’s catalog is not yet officially distributed.
peacepipe04,UZI boomstick,unofficial,,https://www.youtube.com/watch?v=G1nBOYhlirA,,,,Owner confirmed this artist’s catalog is not yet officially distributed.
peacepipe04,mad woman ting,unofficial,,https://www.youtube.com/watch?v=VHzt6B4mPl4,,,,Owner confirmed this artist’s catalog is not yet officially distributed.
peacepipe04,a room of tools guided by marked knight,unofficial,,https://www.youtube.com/watch?v=TXr-XnyhmzQ,,,,Owner confirmed this artist’s catalog is not yet officially distributed.
peacepipe04,descendant decade,unofficial,,https://www.youtube.com/watch?v=ju_Drex7dG8,,,,Owner confirmed this artist’s catalog is not yet officially distributed.
peacepipe04,ûëçåøßœîæ,unofficial,,https://www.youtube.com/watch?v=xPmZbntLoDQ,,,,Owner confirmed this artist’s catalog is not yet officially distributed.
peacepipe04,ainsley kensington,unofficial,,https://www.youtube.com/watch?v=lOeJPbG_mtw,,,,Owner confirmed this artist’s catalog is not yet officially distributed.
Fetch Quest,Eliminate - Walk Away (fetch quest remix),unverified,,https://www.youtube.com/watch?v=geLKG9QxbeU,https://soundcloud.com/fetchquest/eliminate-walk-away-fetch-quest-remix,,,No exact matching distributed version verified. This is not proof of absence on every service.
Audionerds,daft punk - technologic (audionerds remix),unverified,,https://www.youtube.com/watch?v=XoOoF6o3_wY,https://soundcloud.com/fetchquest/daft-punk-technologic-audionerds-remix,,,No exact matching distributed version verified. This is not proof of absence on every service.
Fetch Quest,crossover,unverified,,https://www.youtube.com/watch?v=_YEfQaKH8FU,https://soundcloud.com/fetchquest/crossover,,,No exact matching distributed version verified. This is not proof of absence on every service.
Fetch Quest,badlands,unverified,,https://www.youtube.com/watch?v=WLgIaGV4_3U,https://soundcloud.com/fetchquest/badlands,,,No exact matching distributed version verified. This is not proof of absence on every service.
peacepipe04,the unalived mouse & the gang of wolves,unofficial,,https://www.youtube.com/watch?v=AF9uT6lS8rI,,,,Owner confirmed this artist’s catalog is not yet officially distributed.
Fetch Quest,maledict,unverified,,https://www.youtube.com/watch?v=nH3TaACFswM,https://soundcloud.com/fetchquest/maledict,,,No exact matching distributed version verified. This is not proof of absence on every service.
Fetch Quest,intruder,unverified,,https://www.youtube.com/watch?v=LU6P3C4BhUs,https://soundcloud.com/fetchquest/intruder,,,No exact matching distributed version verified. This is not proof of absence on every service.
Audionerds,jaeger (1st version),unverified,,https://www.youtube.com/watch?v=HFJkEa3rylQ,,,,No exact matching distributed version verified. This is not proof of absence on every service.
Fetch Quest,atomic punch,unverified,,https://www.youtube.com/watch?v=3ouEy-bigYQ,https://soundcloud.com/fetchquest/atomic-punch,,,No exact matching distributed version verified. This is not proof of absence on every service.
Fetch Quest,hitchhiker,unverified,,https://www.youtube.com/watch?v=JOwroFzvAXA,https://soundcloud.com/fetchquest/hitchhiker,,,No exact matching distributed version verified. This is not proof of absence on every service.
peacepipe04,Soulja boy X piano fantasia - crank that song for Denise mashup,unofficial,,https://www.youtube.com/watch?v=MkgNTNv5Bhw,,,,Owner confirmed this artist’s catalog is not yet officially distributed.
peacepipe04,SexyBack but it’s only Timbaland,unofficial,,https://www.youtube.com/watch?v=KV1enCR_pSA,,,,Owner confirmed this artist’s catalog is not yet officially distributed.
peacepipe04,Loompaskettee & Bandlez - Riddim Track (peacepipe04 carnival color rawstyle ReR),unofficial,,https://www.youtube.com/watch?v=JEctLae7BG0,,,,Owner confirmed this artist’s catalog is not yet officially distributed.
peacepipe04,sigma boy 🗿 but it’s cheap orchestra,unofficial,,https://www.youtube.com/watch?v=O0sTEAC7zsA,,,,Owner confirmed this artist’s catalog is not yet officially distributed.
peacepipe04,epic cheesy toast - art of war (peacepipe04 art of peace recolor),unofficial,,https://www.youtube.com/watch?v=up0emSzVhuQ,,,,Owner confirmed this artist’s catalog is not yet officially distributed.
peacepipe04,super cool pumping music in the car,unofficial,,https://www.youtube.com/watch?v=7dySB-q3W1w,,,,Owner confirmed this artist’s catalog is not yet officially distributed.
Fetch Quest,unity,unverified,,https://www.youtube.com/watch?v=-jZKuY45FeQ,https://soundcloud.com/fetchquest/unity,,,No exact matching distributed version verified. This is not proof of absence on every service.
peacepipe04,baccpacc,unofficial,,https://www.youtube.com/watch?v=COEG8DylnGk,,,,Owner confirmed this artist’s catalog is not yet officially distributed.
peacepipe04,taurine groove,unofficial,,https://www.youtube.com/watch?v=HSOTOJjwgC8,,,,Owner confirmed this artist’s catalog is not yet officially distributed.
Fetch Quest,spankox - to the club (fetch quest remix)🕺🏽,unverified,,https://www.youtube.com/watch?v=zzK_kqMhiaE,https://soundcloud.com/fetchquest/spankox-to-the-club-fetch-quest-remix,,,No exact matching distributed version verified. This is not proof of absence on every service.
peacepipe04,i like trains 🚂 [ambient],unofficial,,https://www.youtube.com/watch?v=GW5OeSKUGGE,,,,Owner confirmed this artist’s catalog is not yet officially distributed.
peacepipe04,lepidoptera 🦋,unofficial,,https://www.youtube.com/watch?v=Gm4EFFE6PFM,,,,Owner confirmed this artist’s catalog is not yet officially distributed.
peacepipe04,sport 🏀🥊,unofficial,,https://www.youtube.com/watch?v=sf4qEpelhqQ,,,,Owner confirmed this artist’s catalog is not yet officially distributed.
Audionerds,Horizon,official,appleMusic,,https://soundcloud.com/fetchquest/horizon-out-now,,https://music.apple.com/us/album/horizon/1030071774?i=1030073722&uo=4,Artist and exact release title matched on Apple Music; alternate versions are not inferred.
Audionerds,Crimson,official,appleMusic,,https://soundcloud.com/fetchquest/crimson-out-now,,https://music.apple.com/us/album/crimson/1005486512?i=1005486887&uo=4,Artist and exact release title matched on Apple Music; alternate versions are not inferred.
Audionerds,Back,official,appleMusic,,https://soundcloud.com/fetchquest/back-original-mix-1,,https://music.apple.com/us/album/back/964042057?i=964042073&uo=4,Artist and exact release title matched on Apple Music; alternate versions are not inferred.
Audionerds,Rush,unverified,,,https://soundcloud.com/fetchquest/rush-original-mix,,,No exact matching distributed version verified. This is not proof of absence on every service.
Audionerds,Cerberus,unverified,,,https://soundcloud.com/fetchquest/cerberus-original-mix,,,No exact matching distributed version verified. This is not proof of absence on every service.
Audionerds,Wanderlust,unverified,,,https://soundcloud.com/fetchquest/wanderlust-original-mix,,,No exact matching distributed version verified. This is not proof of absence on every service.
Audionerds,Ramble,unverified,,,https://soundcloud.com/fetchquest/ramble-original-mix,,,No exact matching distributed version verified. This is not proof of absence on every service.
Audionerds,"Sander van Doorn, Martin Garrix, DVBBS ft. Aleesia - Gold Skies (Audionerds Remix)",unverified,,,https://soundcloud.com/fetchquest/sander-van-doorn-martin-garrix-dvbbs-ft-aleesia-gold-skies-audionerds-remix,,,No exact matching distributed version verified. This is not proof of absence on every service.
Epic Cheesy Toast,Cowboy,unofficial,,,https://soundcloud.com/fetchquest/cowboy-original-mix,,,Owner confirmed this artist’s catalog is not yet officially distributed.
Epic Cheesy Toast,Cataclysm (Preview),unofficial,,,https://soundcloud.com/fetchquest/cataclysm-preview-1,,,Owner confirmed this artist’s catalog is not yet officially distributed.
Epic Cheesy Toast,#NERD,unofficial,,,https://soundcloud.com/fetchquest/nerd-original-mix,,,Owner confirmed this artist’s catalog is not yet officially distributed.
Epic Cheesy Toast,Popeska feat. Denny White - Heart Of Glass (Audionerds Remix),unofficial,,,https://soundcloud.com/fetchquest/popeska-feat-denny-white-heart,,,Owner confirmed this artist’s catalog is not yet officially distributed.
Epic Cheesy Toast,Havoc,unofficial,,,https://soundcloud.com/fetchquest/havoc-original-mix,,,Owner confirmed this artist’s catalog is not yet officially distributed.
Epic Cheesy Toast,PRMT [Preview],unofficial,,,https://soundcloud.com/fetchquest/prmt-preview,,,Owner confirmed this artist’s catalog is not yet officially distributed.
Epic Cheesy Toast,Framework,unofficial,,https://www.youtube.com/watch?v=eM5e2KXR2d8,https://soundcloud.com/fetchquest/framework-original-mix-1,,,Owner confirmed this artist’s catalog is not yet officially distributed.
Epic Cheesy Toast,Kids,unofficial,,,https://soundcloud.com/fetchquest/kids-original-mix,,,Owner confirmed this artist’s catalog is not yet officially distributed.
Epic Cheesy Toast,The Origin Of Life,unofficial,,,https://soundcloud.com/fetchquest/the-origin-of-life,,,Owner confirmed this artist’s catalog is not yet officially distributed.
Epic Cheesy Toast,Bonecrusher,unofficial,,,https://soundcloud.com/fetchquest/bonecrusher,,,Owner confirmed this artist’s catalog is not yet officially distributed.
Epic Cheesy Toast,Space-Time Continuum,unofficial,,,https://soundcloud.com/fetchquest/epic-cheesy-toast-space-time,,,Owner confirmed this artist’s catalog is not yet officially distributed.
Epic Cheesy Toast,First Love Twice,unofficial,,https://www.youtube.com/watch?v=1ZwcQz0s2tg,,,,Owner confirmed this artist’s catalog is not yet officially distributed.
Unassigned,lord of power 2,unverified,,,,,,No exact matching distributed version verified. This is not proof of absence on every service.
Unassigned,butterfly fever dream,unverified,,,,,,No exact matching distributed version verified. This is not proof of absence on every service.
Unassigned,Drum N Bass 03 final,unverified,,,,,,No exact matching distributed version verified. This is not proof of absence on every service.
Unassigned,Мамбетский Мидтехно 08,unverified,,,,,,No exact matching distributed version verified. This is not proof of absence on every service.
Fetch Quest,WYCBA,unverified,,,,,,No exact matching distributed version verified. This is not proof of absence on every service.
Unassigned,SYNTHWAVE FINAL,unverified,,,,,,No exact matching distributed version verified. This is not proof of absence on every service.
Unassigned,Sometimes Evolution Sucks,unverified,,,,,,No exact matching distributed version verified. This is not proof of absence on every service.
Epic Cheesy Toast,Mighty Maggots,unofficial,,,,,,Owner confirmed this artist’s catalog is not yet officially distributed.
Epic Cheesy Toast,ASIANS!,unofficial,,,,,,Owner confirmed this artist’s catalog is not yet officially distributed.
Epic Cheesy Toast,Kleptomaniac,unofficial,,,,,,Owner confirmed this artist’s catalog is not yet officially distributed.
Epic Cheesy Toast,Torque,unofficial,,,,,,Owner confirmed this artist’s catalog is not yet officially distributed.
Epic Cheesy Toast,Chinese Mafia,unofficial,,,,,,Owner confirmed this artist’s catalog is not yet officially distributed.
Epic Cheesy Toast,The Unleashed,unofficial,,,,,,Owner confirmed this artist’s catalog is not yet officially distributed.
Epic Cheesy Toast,Coming Home,unofficial,,,,,,Owner confirmed this artist’s catalog is not yet officially distributed.
Epic Cheesy Toast,I'm Fine With That,unofficial,,,,,,Owner confirmed this artist’s catalog is not yet officially distributed.
Epic Cheesy Toast,Hello America!,unofficial,,,,,,Owner confirmed this artist’s catalog is not yet officially distributed.
Epic Cheesy Toast,Lunar,unofficial,,,,,,Owner confirmed this artist’s catalog is not yet officially distributed.
Epic Cheesy Toast,Art Of War,unofficial,,,,,,Owner confirmed this artist’s catalog is not yet officially distributed.
Epic Cheesy Toast,Grandma's Isotopes,unofficial,,,,,,Owner confirmed this artist’s catalog is not yet officially distributed.
Epic Cheesy Toast,Caffeine Addicted,unofficial,,,,,,Owner confirmed this artist’s catalog is not yet officially distributed.
Epic Cheesy Toast,Bassey Trebleson,unofficial,,,,,,Owner confirmed this artist’s catalog is not yet officially distributed.
Epic Cheesy Toast,Humanoids,unofficial,,,,,,Owner confirmed this artist’s catalog is not yet officially distributed.
Epic Cheesy Toast,Reminiscence,unofficial,,,,,,Owner confirmed this artist’s catalog is not yet officially distributed.
Audionerds,Say No More,unverified,,,,,,No exact matching distributed version verified. This is not proof of absence on every service.
Audionerds,Hitchhike,unverified,,,,,,No exact matching distributed version verified. This is not proof of absence on every service.
Unassigned,Mutation,unverified,,,,,,No exact matching distributed version verified. This is not proof of absence on every service.
Unassigned,DanchikBaha [minus wave],unverified,,,,,,No exact matching distributed version verified. This is not proof of absence on every service.
Unassigned,AP mastered,unverified,,,,,,No exact matching distributed version verified. This is not proof of absence on every service.
Unassigned,Decoy,unverified,,,,,,No exact matching distributed version verified. This is not proof of absence on every service.
Audionerds,Crossover,unverified,,,,,,No exact matching distributed version verified. This is not proof of absence on every service.

